"year","topic","habitat","organism","field"
2022,"Agricultural biosafety; genotyping and alien genes in crop seeds; biodiversity databases","Terrestrial","Plants","Genetics"
2022,"Coastal heathland restoration; grazing and burning; drone remote sensing","Terrestrial","Plants","Conservation ecology"
2022,"Plant breeding; plant barcoding and genetic analysis; data digitisation","Terrestrial","Plants","Genetics"
2022,"Arctic and alpine plant ecology; vegetation monitoring; spatial analysis","Terrestrial","Plants","Community ecology"
2022,"Forest carbon dynamics; soil respiration; fungal carbon; litter decomposition","Terrestrial","Fungi","Ecosystem ecology"
2022,"Raptor and bird population modelling; conservation demography","Terrestrial","Animals","Population ecology"
2022,"Bachelor in Ecology (no research topic on slide)","NA","NA","NA"
2022,"Snake phylogeny and herpetology","Terrestrial","Animals","Genetics"
2022,"Fungal ecology; metabarcoding; plant–soil feedbacks; nutrient cycling","Terrestrial","Fungi","Ecosystem ecology"
2022,"Dry grassland and rocky vegetation; plant communities; habitat classification","Terrestrial","Plants","Community ecology"
2022,"Wild bee pollination and orchard design","Terrestrial","Animals","Community ecology"
2022,"Biodiversity; programming; algorithms; data processing","NA","NA","Biodiversity informatics"
2022,"Plant pollinators (Hymenoptera); insect fauna and ecology","Terrestrial","Animals","Community ecology"
2022,"Traditional grazing systems; coastal heathlands; beetles spiders and springtails","Terrestrial","Animals","Conservation ecology"
2022,"Invasive earthworms in alpine and arctic ecosystems; soil carbon and ecosystem functioning","Terrestrial","Animals","Ecosystem ecology"
2022,"Genomic prediction and quantitative genetics in wild bird populations","Terrestrial","Animals","Genetics"
2022,"Plant ecology; vegetation demography; climate research","Terrestrial","Plants","Population ecology"
2022,"Bat community dynamics in boreal forest","Terrestrial","Animals","Community ecology"
2022,"Ecological networks and ecosystem resilience; biodiversity data mobilisation","Terrestrial","NA","Ecosystem ecology"
2022,"Marine megafauna ecology and bycatch; dolphin spatial and population ecology","Aquatic","Animals","Population ecology"
2022,"Agronomy and plant breeding; precision agriculture; mapping medicinal plants","Terrestrial","Plants","Genetics"
2023,"Mycology (DURIN project)","Terrestrial","Fungi","Community ecology"
2023,"Plant phenology; litter decomposition; carbon fluxes and stocks","Terrestrial","Plants","Ecosystem ecology"
2023,"Plant ecology; range-expanding plant species","Terrestrial","Plants","Community ecology"
2023,"Forest ecology; epiphytic lichen communities and forest age","Terrestrial","Fungi","Community ecology"
2023,"Pollutants in an avian top predator (tawny owl)","Terrestrial","Animals","Population ecology"
2023,"Forest and landscape plant ecology; seed dispersal; biodiversity and climate change","Terrestrial","Plants","Community ecology"
2023,"Freshwater ecology; hydropower impacts on lake littoral invertebrate communities","Aquatic","Animals","Community ecology"
2023,"Protected-area effectiveness; plant functional responses across environments","Terrestrial","Plants","Conservation ecology"
2023,"Nature-based solutions; pollination services","Terrestrial","Animals","Conservation ecology"
2023,"Behavioural and population ecology; life-history trade-offs from demographic data","Terrestrial","Animals","Population ecology"
2023,"Fishing-cat population dynamics in anthropogenic landscapes (King Mongkut’s University of Technology Thonburi)","Terrestrial","Animals","Population ecology"
2023,"Invasive species; life-cycle impact assessment tools","NA","NA","Conservation ecology"
2023,"Arctic arthropod phenology under climate change; terrestrial community ecology","Terrestrial","Animals","Community ecology"
2023,"Spatial ecology of wild reindeer; habitat use and human impacts","Terrestrial","Animals","Population ecology"
2023,"Biodiversity responses to land-use change; macroecology and remote sensing","Terrestrial","NA","Community ecology"
2023,"Large carnivores; spatial ecology and livestock–wolf interactions","Terrestrial","Animals","Population ecology"
2023,"Boreal forest growth monitoring; temperature and drought impacts on forest health","Terrestrial","Plants","Ecosystem ecology"
2023,"Community change in restoration ecology; predicting restoration success","Terrestrial","NA","Conservation ecology"
2023,"Arctic and alpine vegetation; lowland plants migrating into alpine communities","Terrestrial","Plants","Community ecology"
2023,"Image-only slide with no name or topic text","NA","NA","NA"
2024,"Bird–parasite interactions under global change; nest invertebrate communities","Terrestrial","Animals","Community ecology"
2024,"Biodiversity mapping of boreal forest from above; alpine heaths and meadow restoration","Terrestrial","Plants","Conservation ecology"
2024,"Long-term forestry effects on invertebrate communities and dead wood","Terrestrial","Animals","Community ecology"
2024,"Plant invasion mechanisms and invasion control","Terrestrial","Plants","Conservation ecology"
2024,"Soil communities along climatic gradients and plant functional group removals; decomposition and carbon","Terrestrial","Microbes","Ecosystem ecology"
2024,"Ptarmigan diet and fitness from faecal DNA metabarcoding; food availability and competition","Terrestrial","Animals","Population ecology"
2024,"Impacts of wind turbines on bats in northern Europe","Terrestrial","Animals","Conservation ecology"
2024,"Vegetation traits and permafrost thaw; plant–microbe interactions in the Arctic","Terrestrial","Plants","Ecosystem ecology"
2024,"Ecological drivers of infection in wild rodents; species distributions (NHM research assistant)","Terrestrial","Animals","Population ecology"
2024,"Migratory activity of Norwegian bats; wind energy and migratory bats","Terrestrial","Animals","Conservation ecology"
2024,"Greenland vegetation dynamics; plot-scale plants linked to remote sensing; species invasion","Terrestrial","Plants","Community ecology"
2024,"Bat ecology across seasons; reproduction and coping with northern summers","Terrestrial","Animals","Population ecology"
2024,"Warming and permafrost degradation; greenhouse-gas exchange above and below ground","Terrestrial","NA","Ecosystem ecology"
2025,"Plant traits; tundra ecology; microclimates and climate change","Terrestrial","Plants","Community ecology"
2025,"Cloudberry distribution under climate change","Terrestrial","Plants","Community ecology"
2025,"Statistical genomics; machine learning and variable importance","NA","NA","Genetics"
2025,"Taxonomic and functional diversity of vascular plants in forest–treeline–tundra ecotones","Terrestrial","Plants","Community ecology"
2025,"Spatial cognition in rainforest frogs","Terrestrial","Animals","Behavioural ecology"
2025,"Restoration ecology","Terrestrial","Plants","Conservation ecology"
2025,"Climate effects on pied flycatcher reproduction; morphological evolution of Carnivora skulls","Terrestrial","Animals","Population ecology"
2025,"Past marine diversity and extinction risk of marine molluscs; Cenozoic New Zealand","Aquatic","Animals","Population ecology"
2025,"Sustainability budgeting for political and administrative decision-making","NA","NA","Conservation ecology"
2025,"Environmental cues driving phenological change across trophic levels in passerine birds","Terrestrial","Animals","Community ecology"
2025,"Tropical forest community ecology; liana–tree networks; ethnobotany and phenology","Terrestrial","Plants","Community ecology"
2025,"Marine molluscs and coastal marine ecology","Aquatic","Animals","Community ecology"
2025,"Climate and plant community effects on soil bacteria and fungi (UiB master student)","Terrestrial","Microbes","Community ecology"
2025,"Forest drainage impacts on small waterbodies; aeolian dust and wetland invertebrates","Aquatic","Animals","Conservation ecology"
2025,"Bat acoustic monitoring (image-only slide)","Terrestrial","Animals","NA"
2025,"Role of lakes in salmonid recruitment; freshwater and marine-linked fish ecology","Aquatic","Animals","Population ecology"
2025,"Arctic tundra environmental monitoring","Terrestrial","NA","Biodiversity informatics"
2025,"Wild bee functional diversity; insect and pollination ecology; landscape ecology","Terrestrial","Animals","Community ecology"
2025,"Spatial ecology and remote sensing in ornithology (University of Oxford / Edward Grey Institute)","Terrestrial","Animals","NA"
2025,"Human–wildlife conflict and predator perceptions","Terrestrial","Animals","Conservation ecology"
